handle,jenis,keterangan,geom
337,3,2,"LINESTRING(104.74365234375 -0.922811662685694,107.05078125 -3.14051610398324,110.6103515625 -5.0252829086093,113.97216796875 -1.55986586534301,112.47802734375 1.80146092946804,109.6435546875 -0.109863213927414,112.25830078125 3.60114232015873,116.4111328125 -1.71361165988362,118.212890625 -0.94478140068739,117.2021484375 2.24063960938273,113.75244140625 5.06905782678405,108.43505859375 1.53790123743149,114.609375 6.31529853833003,116.982421875 3.60114232015873,119.6630859375 1.05462794227589,118.76220703125 -4.69687902687141)"
